Method,Instance,N,Optimal_K,Euristich_K,Q,Cost,Optimal_Value,Optimality_Gap(%),Optimality_K_Gap(%),Processing_Time(s)
My-Euristich,XML100_3311_26,100,34,50.0,3,105871.0,64437.0,64.3,47.06,0.009606
My-Euristich,XML100_3311_24,100,34,50.0,3,89179.0,54503.0,63.62,47.06,0.009706
My-Euristich,XML100_3311_23,100,34,50.0,3,101968.0,58905.0,73.11,47.06,0.009628
My-Euristich,XML100_1111_26,100,34,50.0,3,71237.0,37730.0,88.81,47.06,0.009413
My-Euristich,XML100_1111_22,100,34,50.0,3,91428.0,55795.0,63.86,47.06,0.008852
My-Euristich,XML100_3211_23,100,34,50.0,3,123289.0,80307.0,53.52,47.06,0.009562
My-Euristich,XML100_3311_07,100,34,50.0,3,69229.0,41589.0,66.46,47.06,0.009808
My-Euristich,XML100_3311_13,100,34,50.0,3,91615.0,52717.0,73.79,47.06,0.009798
My-Euristich,XML100_3311_14,100,34,50.0,3,85798.0,53565.0,60.18,47.06,0.009562
My-Euristich,XML100_3311_11,100,34,50.0,3,91259.0,56254.0,62.23,47.06,0.009351
My-Euristich,XML100_3311_08,100,34,50.0,3,78589.0,48000.0,63.73,47.06,0.009622
My-Euristich,XML100_3311_10,100,34,50.0,3,80377.0,47093.0,70.68,47.06,0.009455
My-Euristich,XML100_3311_12,100,34,50.0,3,93772.0,58153.0,61.25,47.06,0.01027
My-Euristich,XML100_3311_18,100,34,50.0,3,90972.0,53656.0,69.55,47.06,0.009301
My-Euristich,XML100_3311_01,100,34,50.0,3,92747.0,57020.0,62.66,47.06,0.010145
My-Euristich,XML100_3211_20,100,34,50.0,3,104880.0,69035.0,51.92,47.06,0.009785
My-Euristich,XML100_3211_19,100,34,50.0,3,71255.0,47306.0,50.63,47.06,0.009781
My-Euristich,XML100_1211_11,100,34,50.0,3,69377.0,45515.0,52.43,47.06,0.010089
My-Euristich,XML100_1211_08,100,34,50.0,3,43832.0,26518.0,65.29,47.06,0.009484
My-Euristich,XML100_1211_02,100,34,50.0,3,103535.0,59187.0,74.93,47.06,0.009554
My-Euristich,XML100_1211_05,100,34,50.0,3,70412.0,39139.0,79.9,47.06,0.009409
My-Euristich,XML100_1211_07,100,34,50.0,3,68902.0,42832.0,60.87,47.06,0.009615
My-Euristich,XML100_1211_01,100,34,50.0,3,76295.0,44590.0,71.1,47.06,0.009528
My-Euristich,XML100_1211_03,100,34,50.0,3,59614.0,34590.0,72.34,47.06,0.009509
My-Euristich,XML100_3111_09,100,34,50.0,3,95116.0,56262.0,69.06,47.06,0.00955
My-Euristich,XML100_3111_06,100,34,50.0,3,92248.0,54854.0,68.17,47.06,0.010606
My-Euristich,XML100_1211_22,100,34,50.0,3,41338.0,23386.0,76.76,47.06,0.009635
My-Euristich,XML100_1211_23,100,34,50.0,3,88974.0,54144.0,64.33,47.06,0.009445
My-Euristich,XML100_1211_24,100,34,50.0,3,60289.0,33265.0,81.24,47.06,0.009518
My-Euristich,XML100_1211_26,100,34,50.0,3,62989.0,38538.0,63.45,47.06,0.009835
My-Euristich,XML100_3111_07,100,34,50.0,3,92704.0,54461.0,70.22,47.06,0.008951
My-Euristich,XML100_3211_01,100,34,50.0,3,74467.0,49149.0,51.51,47.06,0.010095
My-Euristich,XML100_3111_25,100,34,50.0,3,99259.0,59078.0,68.01,47.06,0.009619
My-Euristich,XML100_3111_21,100,34,50.0,3,87949.0,54432.0,61.58,47.06,0.009877
My-Euristich,XML100_3111_14,100,34,50.0,3,93141.0,57013.0,63.37,47.06,0.009269
My-Euristich,XML100_3111_16,100,34,50.0,3,93997.0,56155.0,67.39,47.06,0.009521
My-Euristich,XML100_3111_17,100,34,50.0,3,97079.0,57342.0,69.3,47.06,0.010039
My-Euristich,XML100_3111_18,100,34,50.0,3,94784.0,55432.0,70.99,47.06,0.00979
My-Euristich,XML100_3111_12,100,34,50.0,3,89189.0,51793.0,72.2,47.06,0.010252
My-Euristich,XML100_3111_26,100,34,50.0,3,94502.0,57108.0,65.48,47.06,0.009368
My-Euristich,XML100_3211_04,100,34,50.0,3,49466.0,31510.0,56.99,47.06,0.009776
My-Euristich,XML100_3211_05,100,34,50.0,3,85977.0,55983.0,53.58,47.06,0.009966
My-Euristich,XML100_3211_09,100,34,50.0,3,74890.0,49176.0,52.29,47.06,0.009788
My-Euristich,XML100_3211_13,100,34,50.0,3,68806.0,44210.0,55.63,47.06,0.009718
My-Euristich,XML100_3211_11,100,34,50.0,3,66974.0,42928.0,56.01,47.06,0.009534
My-Euristich,XML100_3211_12,100,34,50.0,3,102130.0,60457.0,68.93,47.06,0.009609
My-Euristich,XML100_1211_13,100,34,50.0,3,55402.0,32948.0,68.15,47.06,0.009781
My-Euristich,XML100_1211_10,100,34,50.0,3,65516.0,41618.0,57.42,47.06,0.010517
My-Euristich,XML100_3111_10,100,34,50.0,3,97041.0,57233.0,69.55,47.06,0.010091
My-Euristich,XML100_2211_17,100,34,50.0,3,45126.0,26209.0,72.18,47.06,0.009985
My-Euristich,XML100_2211_15,100,34,50.0,3,46475.0,25135.0,84.9,47.06,0.009533
My-Euristich,XML100_2211_16,100,34,50.0,3,49481.0,27538.0,79.68,47.06,0.009802
My-Euristich,XML100_2211_11,100,34,50.0,3,51943.0,26934.0,92.85,47.06,0.009486
My-Euristich,XML100_2211_12,100,34,50.0,3,32499.0,19296.0,68.42,47.06,0.009591
My-Euristich,XML100_2211_10,100,34,50.0,3,60535.0,28880.0,109.61,47.06,0.010211
My-Euristich,XML100_2211_07,100,34,50.0,3,47584.0,26275.0,81.1,47.06,0.009696
My-Euristich,XML100_2111_22,100,34,50.0,3,59868.0,28572.0,109.53,47.06,0.009522
My-Euristich,XML100_2111_25,100,34,50.0,3,58942.0,28372.0,107.75,47.06,0.009724
My-Euristich,XML100_2211_01,100,34,50.0,3,37916.0,22665.0,67.29,47.06,0.010231
My-Euristich,XML100_2211_03,100,34,50.0,3,42973.0,22587.0,90.26,47.06,0.009659
My-Euristich,XML100_2211_04,100,34,50.0,3,47578.0,30043.0,58.37,47.06,0.009844
My-Euristich,XML100_2211_05,100,34,50.0,3,67066.0,35519.0,88.82,47.06,0.010231
My-Euristich,XML100_2111_19,100,34,50.0,3,64050.0,30355.0,111.0,47.06,0.009491
My-Euristich,XML100_2111_24,100,34,50.0,3,60454.0,29396.0,105.65,47.06,0.009738
My-Euristich,XML100_2111_23,100,34,50.0,3,70483.0,31588.0,123.13,47.06,0.009599
My-Euristich,XML100_1111_15,100,34,50.0,3,66715.0,38924.0,71.4,47.06,0.009082
My-Euristich,XML100_1111_04,100,34,50.0,3,69301.0,37554.0,84.54,47.06,0.00954
My-Euristich,XML100_1111_07,100,34,50.0,3,75054.0,43143.0,73.97,47.06,0.009859
My-Euristich,XML100_1111_10,100,34,50.0,3,62312.0,33868.0,83.98,47.06,0.008951
My-Euristich,XML100_1111_09,100,34,50.0,3,77468.0,44883.0,72.6,47.06,0.008871
My-Euristich,XML100_2111_05,100,34,50.0,3,64001.0,29217.0,119.05,47.06,0.00969
My-Euristich,XML100_2111_06,100,34,50.0,3,62983.0,28912.0,117.84,47.06,0.009643
My-Euristich,XML100_2111_02,100,34,50.0,3,60386.0,29271.0,106.3,47.06,0.009624
My-Euristich,XML100_2111_04,100,34,50.0,3,59963.0,28752.0,108.55,47.06,0.00974
My-Euristich,XML100_2111_12,100,34,50.0,3,59167.0,29168.0,102.85,47.06,0.009503
My-Euristich,XML100_2111_10,100,34,50.0,3,60920.0,28731.0,112.04,47.06,0.009712
My-Euristich,XML100_2111_09,100,34,50.0,3,64307.0,29873.0,115.27,47.06,0.00981
My-Euristich,XML100_1311_08,100,34,50.0,3,59950.0,30715.0,95.18,47.06,0.009438
My-Euristich,XML100_2211_27,100,34,50.0,3,57706.0,31961.0,80.55,47.06,0.009435
My-Euristich,XML100_2211_25,100,34,50.0,3,44759.0,23606.0,89.61,47.06,0.009981
My-Euristich,XML100_2211_23,100,34,50.0,3,56706.0,32776.0,73.01,47.06,0.00978
My-Euristich,XML100_2211_24,100,34,50.0,3,43648.0,26462.0,64.95,47.06,0.009682
My-Euristich,XML100_1311_18,100,34,50.0,3,73748.0,42468.0,73.66,47.06,0.009492
My-Euristich,XML100_1311_17,100,34,50.0,3,60045.0,32304.0,85.87,47.06,0.009285
My-Euristich,XML100_1311_14,100,34,50.0,3,54411.0,29378.0,85.21,47.06,0.009623
My-Euristich,XML100_1311_16,100,34,50.0,3,58697.0,33035.0,77.68,47.06,0.009585
My-Euristich,XML100_1311_10,100,34,50.0,3,104168.0,65513.0,59.0,47.06,0.009798
My-Euristich,XML100_1311_12,100,34,50.0,3,82420.0,49423.0,66.76,47.06,0.009429
My-Euristich,XML100_1311_04,100,34,50.0,3,95701.0,58919.0,62.43,47.06,0.009506
My-Euristich,XML100_1311_20,100,34,50.0,3,85245.0,50718.0,68.08,47.06,0.009528
My-Euristich,XML100_1311_25,100,34,50.0,3,64878.0,36473.0,77.88,47.06,0.009325
My-Euristich,XML100_1311_23,100,34,50.0,3,84908.0,47612.0,78.33,47.06,0.009601
My-Euristich,XML100_2311_05,100,34,50.0,3,55207.0,27823.0,98.42,47.06,0.010292
My-Euristich,XML100_2311_02,100,34,50.0,3,48642.0,25940.0,87.52,47.06,0.009878
My-Euristich,XML100_2311_15,100,34,50.0,3,64540.0,29879.0,116.0,47.06,0.009949
My-Euristich,XML100_2311_14,100,34,50.0,3,69206.0,33022.0,109.58,47.06,0.010097
My-Euristich,XML100_2311_12,100,34,50.0,3,56113.0,27520.0,103.9,47.06,0.009964
My-Euristich,XML100_2311_11,100,34,50.0,3,64791.0,31688.0,104.47,47.06,0.00976
My-Euristich,XML100_2311_09,100,34,50.0,3,67137.0,30663.0,118.95,47.06,0.009906
My-Euristich,XML100_2311_10,100,34,50.0,3,53352.0,27206.0,96.1,47.06,0.009642
My-Euristich,XML100_2311_08,100,34,50.0,3,50370.0,25638.0,96.47,47.06,0.009745
My-Euristich,XML100_2311_06,100,34,50.0,3,69761.0,33761.0,106.63,47.06,0.009704
My-Euristich,XML100_2311_04,100,34,50.0,3,52575.0,27701.0,89.79,47.06,0.009507
My-Euristich,XML100_2311_16,100,34,50.0,3,58539.0,28676.0,104.14,47.06,0.009704
My-Euristich,XML100_2311_23,100,34,50.0,3,64735.0,30398.0,112.96,47.06,0.010015
My-Euristich,XML100_2311_24,100,34,50.0,3,69251.0,31640.0,118.87,47.06,0.010466
My-Euristich,XML100_2311_26,100,34,50.0,3,53090.0,27002.0,96.62,47.06,0.009805
My-Euristich,XML100_3111_03,100,34,50.0,3,91657.0,55133.0,66.25,47.06,0.009506
My-Euristich,XML100_3111_04,100,34,50.0,3,93411.0,55761.0,67.52,47.06,0.009624
My-Euristich,XML100_3111_05,100,34,50.0,3,94576.0,56757.0,66.63,47.06,0.010297
My-Euristich,XML100_1111_16,100,34,50.0,3,61747.0,30145.0,104.83,47.06,0.008916
My-Euristich,XML100_2111_13,100,34,50.0,3,55153.0,28554.0,93.15,47.06,0.009875
My-Euristich,XML100_2211_20,100,34,50.0,3,41650.0,25286.0,64.72,47.06,0.009748
My-Euristich,XML100_2211_21,100,34,50.0,3,37630.0,19938.0,88.74,47.06,0.009708
My-Euristich,XML100_2211_18,100,34,50.0,3,50759.0,26026.0,95.03,47.06,0.009747
My-Euristich,XML100_1211_17,100,25,34.0,4,15949.0,9387.0,69.91,36.0,0.006748
My-Euristich,XML100_1211_15,100,25,34.0,4,26711.0,16187.0,65.02,36.0,0.007417
My-Euristich,XML100_1211_14,100,25,34.0,4,21847.0,14874.0,46.88,36.0,0.006912
My-Euristich,XML100_1211_25,100,25,34.0,4,46520.0,32912.0,41.35,36.0,0.006966
My-Euristich,XML100_1211_06,100,25,34.0,4,52851.0,32632.0,61.96,36.0,0.006776
My-Euristich,XML100_3111_11,100,25,34.0,4,63133.0,42559.0,48.34,36.0,0.006614
My-Euristich,XML100_1211_12,100,25,34.0,4,45394.0,31452.0,44.33,36.0,0.006854
My-Euristich,XML100_1211_09,100,25,34.0,4,47508.0,29220.0,62.59,36.0,0.006667
My-Euristich,XML100_1211_21,100,25,34.0,4,32923.0,23174.0,42.07,36.0,0.007036
My-Euristich,XML100_1211_20,100,25,34.0,4,53263.0,35841.0,48.61,36.0,0.006863
My-Euristich,XML100_1211_18,100,25,34.0,4,41752.0,27181.0,53.61,36.0,0.007152
My-Euristich,XML100_3211_02,100,25,34.0,4,50674.0,34823.0,45.52,36.0,0.007228
My-Euristich,XML100_3211_03,100,25,34.0,4,76623.0,54909.0,39.55,36.0,0.00711
My-Euristich,XML100_3211_07,100,25,34.0,4,72541.0,48998.0,48.05,36.0,0.006976
My-Euristich,XML100_3211_06,100,25,34.0,4,61613.0,42989.0,43.32,36.0,0.007116
My-Euristich,XML100_3211_08,100,25,34.0,4,38689.0,27255.0,41.95,36.0,0.006833
My-Euristich,XML100_3211_15,100,25,34.0,4,68139.0,48786.0,39.67,36.0,0.006778
My-Euristich,XML100_3211_16,100,25,34.0,4,69175.0,49641.0,39.35,36.0,0.006902
My-Euristich,XML100_3211_10,100,25,34.0,4,53780.0,37269.0,44.3,36.0,0.006959
My-Euristich,XML100_3211_17,100,25,34.0,4,50151.0,35086.0,42.94,36.0,0.007182
My-Euristich,XML100_3111_22,100,25,34.0,4,59195.0,40275.0,46.98,36.0,0.007191
My-Euristich,XML100_3111_23,100,25,34.0,4,65615.0,42863.0,53.08,36.0,0.006587
My-Euristich,XML100_3111_24,100,25,34.0,4,64399.0,41305.0,55.91,36.0,0.006985
My-Euristich,XML100_3111_20,100,25,34.0,4,66264.0,44137.0,50.13,36.0,0.006872
My-Euristich,XML100_1211_27,100,25,34.0,4,40877.0,27610.0,48.05,36.0,0.00702
My-Euristich,XML100_1211_04,100,25,34.0,4,36032.0,24601.0,46.47,36.0,0.006637
My-Euristich,XML100_3211_14,100,25,34.0,4,58249.0,40202.0,44.89,36.0,0.007031
My-Euristich,XML100_3311_09,100,25,34.0,4,67307.0,46128.0,45.91,36.0,0.006759
My-Euristich,XML100_3311_15,100,25,34.0,4,66981.0,43042.0,55.62,36.0,0.007037
My-Euristich,XML100_3311_21,100,25,34.0,4,57489.0,37628.0,52.78,36.0,0.006652
My-Euristich,XML100_1111_19,100,25,34.0,4,41800.0,22719.0,83.99,36.0,0.00641
My-Euristich,XML100_1111_25,100,25,34.0,4,51262.0,33710.0,52.07,36.0,0.006333
My-Euristich,XML100_1111_24,100,25,34.0,4,53370.0,36733.0,45.29,36.0,0.006634
My-Euristich,XML100_3311_22,100,25,34.0,4,73653.0,50090.0,47.04,36.0,0.006673
My-Euristich,XML100_1111_27,100,25,34.0,4,54957.0,34996.0,57.04,36.0,0.006682
My-Euristich,XML100_3311_25,100,25,34.0,4,55927.0,36926.0,51.46,36.0,0.006904
My-Euristich,XML100_1111_20,100,25,34.0,4,59531.0,36098.0,64.91,36.0,0.006977
My-Euristich,XML100_1111_21,100,25,34.0,4,46574.0,25052.0,85.91,36.0,0.007857
My-Euristich,XML100_1111_23,100,25,34.0,4,56651.0,37197.0,52.3,36.0,0.00671
My-Euristich,XML100_3311_16,100,25,34.0,4,64255.0,42544.0,51.03,36.0,0.006791
My-Euristich,XML100_3311_17,100,25,34.0,4,55045.0,37241.0,47.81,36.0,0.007238
My-Euristich,XML100_3311_19,100,25,34.0,4,60304.0,39567.0,52.41,36.0,0.006655
My-Euristich,XML100_1111_18,100,25,34.0,4,47941.0,29087.0,64.82,36.0,0.006342
My-Euristich,XML100_3211_26,100,25,34.0,4,54181.0,38788.0,39.68,36.0,0.006837
My-Euristich,XML100_3311_02,100,25,34.0,4,59247.0,39369.0,50.49,36.0,0.006897
My-Euristich,XML100_3311_03,100,25,34.0,4,64762.0,43350.0,49.39,36.0,0.006886
My-Euristich,XML100_1111_17,100,25,34.0,4,52690.0,33605.0,56.79,36.0,0.006532
My-Euristich,XML100_3311_20,100,25,34.0,4,74951.0,49209.0,52.31,36.0,0.006937
My-Euristich,XML100_3311_04,100,25,34.0,4,62586.0,44158.0,41.73,36.0,0.006927
My-Euristich,XML100_3311_05,100,25,34.0,4,67485.0,44863.0,50.42,36.0,0.007292
My-Euristich,XML100_3311_06,100,25,34.0,4,64520.0,43050.0,49.87,36.0,0.006632
My-Euristich,XML100_3211_22,100,25,34.0,4,72662.0,48334.0,50.33,36.0,0.006766
My-Euristich,XML100_3211_24,100,25,34.0,4,53553.0,37845.0,41.51,36.0,0.007036
My-Euristich,XML100_3211_21,100,25,34.0,4,59387.0,39392.0,50.76,36.0,0.007095
My-Euristich,XML100_3211_25,100,25,34.0,4,46911.0,32257.0,45.43,36.0,0.006842
My-Euristich,XML100_3211_18,100,25,34.0,4,46973.0,30729.0,52.86,36.0,0.006776
My-Euristich,XML100_3111_19,100,25,34.0,4,65205.0,41842.0,55.84,36.0,0.006628
My-Euristich,XML100_3111_15,100,25,34.0,4,69593.0,45754.0,52.1,36.0,0.006821
My-Euristich,XML100_3111_13,100,25,34.0,4,63870.0,42378.0,50.71,36.0,0.007034
My-Euristich,XML100_3111_08,100,25,34.0,4,67563.0,44415.0,52.12,36.0,0.006751
My-Euristich,XML100_1211_16,100,25,34.0,4,43061.0,30124.0,42.95,36.0,0.0067
My-Euristich,XML100_1311_21,100,25,34.0,4,63672.0,40785.0,56.12,36.0,0.006657
My-Euristich,XML100_1311_19,100,25,34.0,4,43479.0,27918.0,55.74,36.0,0.006902
My-Euristich,XML100_1311_24,100,25,34.0,4,52562.0,33464.0,57.07,36.0,0.006737
My-Euristich,XML100_1311_03,100,25,34.0,4,56492.0,37773.0,49.56,36.0,0.006978
My-Euristich,XML100_1311_27,100,25,34.0,4,42616.0,26640.0,59.97,36.0,0.006683
My-Euristich,XML100_1311_22,100,25,34.0,4,47007.0,29238.0,60.77,36.0,0.006722
My-Euristich,XML100_1311_07,100,25,34.0,4,41474.0,28848.0,43.77,36.0,0.007125
My-Euristich,XML100_1311_06,100,25,34.0,4,51128.0,33045.0,54.72,36.0,0.007182
My-Euristich,XML100_1311_05,100,25,34.0,4,43410.0,26790.0,62.04,36.0,0.00683
My-Euristich,XML100_2211_26,100,25,34.0,4,34279.0,20346.0,68.48,36.0,0.006854
My-Euristich,XML100_1311_13,100,25,34.0,4,52455.0,30327.0,72.96,36.0,0.006808
My-Euristich,XML100_1311_15,100,25,34.0,4,52698.0,33548.0,57.08,36.0,0.006879
My-Euristich,XML100_1311_11,100,25,34.0,4,54847.0,37006.0,48.21,36.0,0.006975
My-Euristich,XML100_1311_26,100,25,34.0,4,46824.0,29707.0,57.62,36.0,0.007081
My-Euristich,XML100_2311_01,100,25,34.0,4,41527.0,22762.0,82.44,36.0,0.006967
My-Euristich,XML100_2311_18,100,25,34.0,4,40813.0,21321.0,91.42,36.0,0.008271
My-Euristich,XML100_2311_17,100,25,34.0,4,38761.0,22103.0,75.37,36.0,0.01051
My-Euristich,XML100_2311_20,100,25,34.0,4,39755.0,22926.0,73.41,36.0,0.008312
My-Euristich,XML100_2311_22,100,25,34.0,4,41124.0,24266.0,69.47,36.0,0.007136
My-Euristich,XML100_2311_21,100,25,34.0,4,42485.0,24540.0,73.13,36.0,0.008561
My-Euristich,XML100_3111_01,100,25,34.0,4,67449.0,44878.0,50.29,36.0,0.006252
My-Euristich,XML100_2311_25,100,25,34.0,4,44718.0,24979.0,79.02,36.0,0.007475
My-Euristich,XML100_3111_02,100,25,34.0,4,64584.0,43500.0,48.47,36.0,0.00634
My-Euristich,XML100_2311_03,100,25,34.0,4,37304.0,21084.0,76.93,36.0,0.006956
My-Euristich,XML100_2311_19,100,25,34.0,4,37565.0,21625.0,73.71,36.0,0.009048
My-Euristich,XML100_2311_13,100,25,34.0,4,41681.0,21254.0,96.11,36.0,0.007117
My-Euristich,XML100_2311_07,100,25,34.0,4,44401.0,24243.0,83.15,36.0,0.007297
My-Euristich,XML100_1311_01,100,25,34.0,4,47728.0,29423.0,62.21,36.0,0.006759
My-Euristich,XML100_1311_02,100,25,34.0,4,51322.0,33149.0,54.82,36.0,0.006677
My-Euristich,XML100_1311_09,100,25,34.0,4,45814.0,29802.0,53.73,36.0,0.006728
My-Euristich,XML100_2211_22,100,25,34.0,4,29604.0,19454.0,52.17,36.0,0.006802
My-Euristich,XML100_2111_17,100,25,34.0,4,44726.0,23543.0,89.98,36.0,0.007096
My-Euristich,XML100_2111_20,100,25,34.0,4,46762.0,23266.0,100.99,36.0,0.007066
My-Euristich,XML100_2111_21,100,25,34.0,4,40435.0,23000.0,75.8,36.0,0.006855
My-Euristich,XML100_2111_27,100,25,34.0,4,43981.0,23747.0,85.21,36.0,0.006817
My-Euristich,XML100_2111_18,100,25,34.0,4,41629.0,23472.0,77.36,36.0,0.006815
My-Euristich,XML100_2111_26,100,25,34.0,4,44692.0,24189.0,84.76,36.0,0.006905
My-Euristich,XML100_2211_06,100,25,34.0,4,39930.0,22863.0,74.65,36.0,0.0074
My-Euristich,XML100_2211_13,100,25,34.0,4,27410.0,17300.0,58.44,36.0,0.006825
My-Euristich,XML100_2211_09,100,25,34.0,4,33794.0,19261.0,75.45,36.0,0.007341
My-Euristich,XML100_2211_14,100,25,34.0,4,29348.0,19777.0,48.39,36.0,0.006891
My-Euristich,XML100_2211_19,100,25,34.0,4,32311.0,17913.0,80.38,36.0,0.007116
My-Euristich,XML100_2211_08,100,25,34.0,4,29006.0,19495.0,48.79,36.0,0.006771
My-Euristich,XML100_2211_02,100,25,34.0,4,25342.0,15431.0,64.23,36.0,0.006797
My-Euristich,XML100_2111_11,100,25,34.0,4,46151.0,23186.0,99.05,36.0,0.006717
My-Euristich,XML100_2111_16,100,25,34.0,4,48449.0,24985.0,93.91,36.0,0.006836
My-Euristich,XML100_2111_01,100,25,34.0,4,43122.0,22626.0,90.59,36.0,0.007118
My-Euristich,XML100_2111_03,100,25,34.0,4,42760.0,22698.0,88.39,36.0,0.006963
My-Euristich,XML100_2111_07,100,25,34.0,4,43906.0,23353.0,88.01,36.0,0.006719
My-Euristich,XML100_2111_08,100,25,34.0,4,42587.0,23609.0,80.38,36.0,0.007002
My-Euristich,XML100_2111_14,100,25,34.0,4,43594.0,22887.0,90.47,36.0,0.007215
My-Euristich,XML100_2111_15,100,25,34.0,4,44325.0,23666.0,87.29,36.0,0.006781
My-Euristich,XML100_1111_13,100,25,34.0,4,50588.0,31387.0,61.18,36.0,0.006332
My-Euristich,XML100_1111_14,100,25,34.0,4,52427.0,33469.0,56.64,36.0,0.006501
My-Euristich,XML100_1111_12,100,25,34.0,4,55517.0,33059.0,67.93,36.0,0.006507
My-Euristich,XML100_1111_11,100,25,34.0,4,52297.0,33202.0,57.51,36.0,0.006573
My-Euristich,XML100_1111_06,100,25,34.0,4,46217.0,27039.0,70.93,36.0,0.006737
My-Euristich,XML100_1111_08,100,25,34.0,4,48940.0,30140.0,62.38,36.0,0.006652
My-Euristich,XML100_1111_05,100,25,34.0,4,52985.0,33149.0,59.84,36.0,0.006546
My-Euristich,XML100_1111_03,100,25,34.0,4,44117.0,26322.0,67.61,36.0,0.007025
My-Euristich,XML100_1111_02,100,25,34.0,4,59541.0,38374.0,55.16,36.0,0.007353
My-Euristich,XML100_1111_01,100,25,34.0,4,48136.0,29888.0,61.05,36.0,0.007104
My-Euristich,XML100_3316_01,100,3,4.0,34,13935.0,9346.0,49.1,33.33,0.001874
My-Euristich,XML100_2116_16,100,3,4.0,34,14754.0,8324.0,77.25,33.33,0.001864
My-Euristich,XML100_1216_27,100,3,4.0,34,9473.0,6412.0,47.74,33.33,0.001822
My-Euristich,XML100_1116_17,100,3,4.0,34,15504.0,9134.0,69.74,33.33,0.001904
My-Euristich,XML100_3116_23,100,3,4.0,34,14140.0,9709.0,45.64,33.33,0.001821
My-Euristich,XML100_3116_06,100,3,4.0,34,14411.0,9849.0,46.32,33.33,0.001881
My-Euristich,XML100_3116_13,100,3,4.0,34,14979.0,9740.0,53.79,33.33,0.002429
My-Euristich,XML100_3116_17,100,3,4.0,34,14427.0,9555.0,50.99,33.33,0.002556
My-Euristich,XML100_1216_25,100,3,4.0,34,10975.0,7539.0,45.58,33.33,0.001828
My-Euristich,XML100_1216_22,100,3,4.0,34,7106.0,5027.0,41.36,33.33,0.001815
My-Euristich,XML100_1211_19,100,26,34.0,4,34055.0,23808.0,43.04,30.77,0.006721
My-Euristich,XML100_1112_05,100,20,25.0,5,42759.0,27833.0,53.63,25.0,0.005031
My-Euristich,XML100_1112_03,100,20,25.0,5,39681.0,26980.0,47.08,25.0,0.005219
My-Euristich,XML100_2112_23,100,20,25.0,5,38418.0,19490.0,97.12,25.0,0.005475
My-Euristich,XML100_2112_21,100,20,25.0,5,38710.0,20893.0,85.28,25.0,0.005383
My-Euristich,XML100_3312_03,100,20,25.0,5,43232.0,32284.0,33.91,25.0,0.00544
My-Euristich,XML100_1112_01,100,20,25.0,5,35437.0,24781.0,43.0,25.0,0.005054
My-Euristich,XML100_1112_21,100,20,25.0,5,35761.0,23786.0,50.34,25.0,0.005172
My-Euristich,XML100_2112_13,100,20,25.0,5,36693.0,19984.0,83.61,25.0,0.005425
My-Euristich,XML100_2112_12,100,20,25.0,5,35514.0,19746.0,79.85,25.0,0.005367
My-Euristich,XML100_2112_11,100,20,25.0,5,36368.0,19664.0,84.95,25.0,0.005717
My-Euristich,XML100_2112_08,100,20,25.0,5,37673.0,20554.0,83.29,25.0,0.005437
My-Euristich,XML100_1316_21,100,4,5.0,25,14581.0,9447.0,54.35,25.0,0.002432
My-Euristich,XML100_2112_20,100,20,25.0,5,34826.0,19261.0,80.81,25.0,0.005599
My-Euristich,XML100_1312_06,100,20,25.0,5,41504.0,27661.0,50.05,25.0,0.005491
My-Euristich,XML100_3212_26,100,20,25.0,5,64791.0,41998.0,54.27,25.0,0.006106
My-Euristich,XML100_1112_10,100,20,25.0,5,37528.0,25194.0,48.96,25.0,0.005419
My-Euristich,XML100_1112_14,100,20,25.0,5,35500.0,26274.0,35.11,25.0,0.005214
My-Euristich,XML100_1112_15,100,20,25.0,5,37223.0,24272.0,53.36,25.0,0.005154
My-Euristich,XML100_1112_25,100,20,25.0,5,33091.0,22054.0,50.05,25.0,0.005199
My-Euristich,XML100_1112_23,100,20,25.0,5,38524.0,24503.0,57.22,25.0,0.005272
My-Euristich,XML100_1112_04,100,20,25.0,5,32156.0,20461.0,57.16,25.0,0.005289
My-Euristich,XML100_2112_18,100,20,25.0,5,37231.0,20628.0,80.49,25.0,0.005472
My-Euristich,XML100_2112_17,100,20,25.0,5,38088.0,20222.0,88.35,25.0,0.005441
My-Euristich,XML100_1312_11,100,20,25.0,5,32426.0,22022.0,47.24,25.0,0.00542
My-Euristich,XML100_1112_27,100,20,25.0,5,34734.0,20487.0,69.54,25.0,0.005275
My-Euristich,XML100_1212_01,100,20,25.0,5,39010.0,28888.0,35.04,25.0,0.005622
My-Euristich,XML100_1212_15,100,20,25.0,5,32943.0,24324.0,35.43,25.0,0.005283
My-Euristich,XML100_1212_21,100,20,25.0,5,37462.0,28624.0,30.88,25.0,0.005602
My-Euristich,XML100_1212_18,100,20,25.0,5,41716.0,29104.0,43.33,25.0,0.005286
My-Euristich,XML100_1312_24,100,20,25.0,5,43701.0,29193.0,49.7,25.0,0.005383
My-Euristich,XML100_1312_01,100,20,25.0,5,33288.0,21993.0,51.36,25.0,0.005293
My-Euristich,XML100_3212_14,100,20,25.0,5,60296.0,44615.0,35.15,25.0,0.005425
My-Euristich,XML100_3112_04,100,20,25.0,5,47500.0,35923.0,32.23,25.0,0.005603
My-Euristich,XML100_3112_19,100,20,25.0,5,48805.0,34386.0,41.93,25.0,0.005739
My-Euristich,XML100_3112_22,100,20,25.0,5,50180.0,35914.0,39.72,25.0,0.00527
My-Euristich,XML100_3112_07,100,20,25.0,5,50771.0,35829.0,41.7,25.0,0.005305
My-Euristich,XML100_3112_06,100,20,25.0,5,50858.0,35411.0,43.62,25.0,0.006858
My-Euristich,XML100_1212_22,100,20,25.0,5,28098.0,20012.0,40.41,25.0,0.005283
My-Euristich,XML100_3112_03,100,20,25.0,5,52044.0,36590.0,42.24,25.0,0.005277
My-Euristich,XML100_1116_06,100,4,5.0,25,14388.0,10099.0,42.47,25.0,0.002009
My-Euristich,XML100_2212_17,100,20,25.0,5,35311.0,19588.0,80.27,25.0,0.005359
My-Euristich,XML100_2212_16,100,20,25.0,5,32962.0,20527.0,60.58,25.0,0.00563
My-Euristich,XML100_2212_11,100,20,25.0,5,28821.0,18991.0,51.76,25.0,0.005424
My-Euristich,XML100_1312_08,100,20,25.0,5,30778.0,18883.0,62.99,25.0,0.005619
My-Euristich,XML100_2212_02,100,20,25.0,5,19756.0,14241.0,38.73,25.0,0.005399
My-Euristich,XML100_1312_03,100,20,25.0,5,42840.0,29350.0,45.96,25.0,0.00541
My-Euristich,XML100_1312_04,100,20,25.0,5,44655.0,32513.0,37.35,25.0,0.005711
My-Euristich,XML100_2212_18,100,20,25.0,5,27908.0,17604.0,58.53,25.0,0.005632
My-Euristich,XML100_1312_26,100,20,25.0,5,28232.0,17760.0,58.96,25.0,0.005406
My-Euristich,XML100_2212_09,100,20,25.0,5,29267.0,18233.0,60.52,25.0,0.00547
My-Euristich,XML100_3212_06,100,20,25.0,5,42153.0,32242.0,30.74,25.0,0.005385
My-Euristich,XML100_3212_02,100,20,25.0,5,33229.0,25575.0,29.93,25.0,0.005405
My-Euristich,XML100_1316_19,100,4,5.0,25,14208.0,9257.0,53.48,25.0,0.002057
My-Euristich,XML100_1312_05,100,20,25.0,5,43276.0,30655.0,41.17,25.0,0.005384
My-Euristich,XML100_3212_25,100,20,25.0,5,44518.0,29597.0,50.41,25.0,0.005574
My-Euristich,XML100_3312_13,100,20,25.0,5,39490.0,28776.0,37.23,25.0,0.005264
My-Euristich,XML100_3316_14,100,4,5.0,25,14039.0,10237.0,37.14,25.0,0.002046
My-Euristich,XML100_3312_12,100,20,25.0,5,49292.0,35631.0,38.34,25.0,0.005397
My-Euristich,XML100_3312_08,100,20,25.0,5,45674.0,33466.0,36.48,25.0,0.005346
My-Euristich,XML100_3312_04,100,20,25.0,5,45952.0,32707.0,40.5,25.0,0.005643
My-Euristich,XML100_3312_15,100,20,25.0,5,51989.0,37741.0,37.75,25.0,0.005393
My-Euristich,XML100_3312_21,100,20,25.0,5,44863.0,32269.0,39.03,25.0,0.005769
My-Euristich,XML100_1316_09,100,4,5.0,25,14547.0,9389.0,54.94,25.0,0.001989
My-Euristich,XML100_3312_23,100,20,25.0,5,41709.0,29733.0,40.28,25.0,0.009976
My-Euristich,XML100_1212_12,100,20,25.0,5,24544.0,16094.0,52.5,25.0,0.0059
My-Euristich,XML100_3112_01,100,20,25.0,5,44623.0,32869.0,35.76,25.0,0.005505
My-Euristich,XML100_2216_01,100,4,5.0,25,10016.0,6380.0,56.99,25.0,0.002084
My-Euristich,XML100_2212_21,100,20,25.0,5,28706.0,18028.0,59.23,25.0,0.005562
My-Euristich,XML100_2212_22,100,20,25.0,5,30111.0,19527.0,54.2,25.0,0.005429
My-Euristich,XML100_1212_23,100,20,25.0,5,28446.0,20011.0,42.15,25.0,0.007556
My-Euristich,XML100_1212_24,100,20,25.0,5,30838.0,20150.0,53.04,25.0,0.010105
My-Euristich,XML100_2312_16,100,20,25.0,5,30399.0,18540.0,63.96,25.0,0.005484
My-Euristich,XML100_2312_20,100,20,25.0,5,30330.0,17970.0,68.78,25.0,0.005238
My-Euristich,XML100_2312_12,100,20,25.0,5,33595.0,20348.0,65.1,25.0,0.005517
My-Euristich,XML100_2312_19,100,20,25.0,5,34948.0,18462.0,89.3,25.0,0.005999
My-Euristich,XML100_2312_22,100,20,25.0,5,32246.0,20060.0,60.75,25.0,0.005294
My-Euristich,XML100_2312_15,100,20,25.0,5,35319.0,19460.0,81.5,25.0,0.005753
My-Euristich,XML100_2312_25,100,20,25.0,5,38659.0,21399.0,80.66,25.0,0.005305
My-Euristich,XML100_1212_04,100,20,25.0,5,29723.0,22310.0,33.23,25.0,0.005926
My-Euristich,XML100_1212_09,100,20,25.0,5,27657.0,20586.0,34.35,25.0,0.005432
My-Euristich,XML100_2312_05,100,20,25.0,5,29792.0,19194.0,55.22,25.0,0.006007
My-Euristich,XML100_1212_13,100,20,25.0,5,37142.0,29040.0,27.9,25.0,0.005305
My-Euristich,XML100_1216_03,100,4,5.0,25,11895.0,7186.0,65.53,25.0,0.001883
My-Euristich,XML100_1216_14,100,4,5.0,25,9500.0,6835.0,38.99,25.0,0.002044
My-Euristich,XML100_1216_17,100,4,5.0,25,11526.0,8388.0,37.41,25.0,0.002031
My-Euristich,XML100_2312_03,100,20,25.0,5,29432.0,16981.0,73.32,25.0,0.005651
My-Euristich,XML100_2312_10,100,20,25.0,5,30378.0,18641.0,62.96,25.0,0.006061
My-Euristich,XML100_2312_07,100,20,25.0,5,31281.0,17616.0,77.57,25.0,0.005071
My-Euristich,XML100_1312_22,100,20,25.0,5,37700.0,27870.0,35.27,25.0,0.005321
My-Euristich,XML100_2312_11,100,20,25.0,5,34451.0,19019.0,81.14,25.0,0.005146
My-Euristich,XML100_3112_24,100,20,25.0,5,46791.0,34818.0,34.39,25.0,0.005345
My-Euristich,XML100_1312_20,100,20,25.0,5,38498.0,26453.0,45.53,25.0,0.005344
My-Euristich,XML100_3213_01,100,10,12.0,10,26486.0,20930.0,26.55,20.0,0.003186
My-Euristich,XML100_2113_26,100,10,12.0,10,23091.0,13082.0,76.51,20.0,0.003113
My-Euristich,XML100_2113_03,100,10,12.0,10,21324.0,12459.0,71.15,20.0,0.003452
My-Euristich,XML100_3313_26,100,10,12.0,10,26153.0,20102.0,30.1,20.0,0.003254
My-Euristich,XML100_3313_22,100,10,12.0,10,28674.0,20985.0,36.64,20.0,0.003281
My-Euristich,XML100_2115_21,100,5,6.0,20,16871.0,9729.0,73.41,20.0,0.002213
My-Euristich,XML100_2115_20,100,5,6.0,20,16813.0,9188.0,82.99,20.0,0.002228
My-Euristich,XML100_2115_17,100,5,6.0,20,15120.0,9210.0,64.17,20.0,0.00225
My-Euristich,XML100_3213_13,100,10,12.0,10,29307.0,20980.0,39.69,20.0,0.003192
My-Euristich,XML100_1113_02,100,10,12.0,10,22377.0,12795.0,74.89,20.0,0.002919
My-Euristich,XML100_1113_19,100,10,12.0,10,22267.0,12189.0,82.68,20.0,0.002939
My-Euristich,XML100_1113_18,100,10,12.0,10,24933.0,17451.0,42.87,20.0,0.003041
My-Euristich,XML100_1113_17,100,10,12.0,10,26020.0,19367.0,34.35,20.0,0.002984
My-Euristich,XML100_1113_10,100,10,12.0,10,23226.0,15675.0,48.17,20.0,0.003074
My-Euristich,XML100_1113_07,100,10,12.0,10,21496.0,14550.0,47.74,20.0,0.003001
My-Euristich,XML100_1113_06,100,10,12.0,10,22387.0,15063.0,48.62,20.0,0.003107
My-Euristich,XML100_1113_03,100,10,12.0,10,24149.0,16763.0,44.06,20.0,0.002988
My-Euristich,XML100_1113_26,100,10,12.0,10,24081.0,17103.0,40.8,20.0,0.003187
My-Euristich,XML100_3215_11,100,5,6.0,20,15537.0,10965.0,41.7,20.0,0.002204
My-Euristich,XML100_3215_12,100,5,6.0,20,16457.0,12741.0,29.17,20.0,0.002189
My-Euristich,XML100_3215_17,100,5,6.0,20,15433.0,11169.0,38.18,20.0,0.002336
My-Euristich,XML100_3215_19,100,5,6.0,20,17245.0,12663.0,36.18,20.0,0.00222
My-Euristich,XML100_1313_16,100,10,12.0,10,20269.0,13678.0,48.19,20.0,0.003264
My-Euristich,XML100_1313_17,100,10,12.0,10,23008.0,16024.0,43.58,20.0,0.003287
My-Euristich,XML100_1113_20,100,10,12.0,10,26688.0,18200.0,46.64,20.0,0.003049
My-Euristich,XML100_1313_20,100,10,12.0,10,20520.0,15026.0,36.56,20.0,0.003103
My-Euristich,XML100_2113_10,100,10,12.0,10,21254.0,12586.0,68.87,20.0,0.003201
My-Euristich,XML100_2113_13,100,10,12.0,10,22326.0,12747.0,75.15,20.0,0.003098
My-Euristich,XML100_2113_16,100,10,12.0,10,22230.0,12595.0,76.5,20.0,0.003434
My-Euristich,XML100_2113_23,100,10,12.0,10,21020.0,12981.0,61.93,20.0,0.003313
My-Euristich,XML100_2113_21,100,10,12.0,10,23174.0,12965.0,78.74,20.0,0.003167
My-Euristich,XML100_1315_06,100,5,6.0,20,15779.0,10760.0,46.64,20.0,0.002272
My-Euristich,XML100_1313_25,100,10,12.0,10,25968.0,18863.0,37.67,20.0,0.003779
My-Euristich,XML100_3213_10,100,10,12.0,10,28877.0,19837.0,45.57,20.0,0.003163
My-Euristich,XML100_3213_09,100,10,12.0,10,25911.0,19595.0,32.23,20.0,0.003263
My-Euristich,XML100_3213_03,100,10,12.0,10,15812.0,11615.0,36.13,20.0,0.003139
My-Euristich,XML100_1215_04,100,5,6.0,20,10014.0,7222.0,38.66,20.0,0.002162
My-Euristich,XML100_2215_02,100,5,6.0,20,11673.0,7361.0,58.58,20.0,0.002199
My-Euristich,XML100_2213_18,100,10,12.0,10,15511.0,10322.0,50.27,20.0,0.003756
My-Euristich,XML100_3113_03,100,10,12.0,10,27583.0,20860.0,32.23,20.0,0.003097
My-Euristich,XML100_2213_02,100,10,12.0,10,14653.0,10591.0,38.35,20.0,0.003123
My-Euristich,XML100_2215_07,100,5,6.0,20,11854.0,7570.0,56.59,20.0,0.003042
My-Euristich,XML100_2215_20,100,5,6.0,20,9877.0,6401.0,54.3,20.0,0.002214
My-Euristich,XML100_2213_27,100,10,12.0,10,16954.0,10540.0,60.85,20.0,0.003226
My-Euristich,XML100_2213_13,100,10,12.0,10,17495.0,11931.0,46.63,20.0,0.003148
My-Euristich,XML100_2213_14,100,10,12.0,10,13861.0,10760.0,28.82,20.0,0.003836
My-Euristich,XML100_3115_05,100,5,6.0,20,16345.0,12358.0,32.26,20.0,0.002305
My-Euristich,XML100_3113_21,100,10,12.0,10,29640.0,20745.0,42.88,20.0,0.003348
My-Euristich,XML100_3113_08,100,10,12.0,10,27752.0,20378.0,36.19,20.0,0.00315
My-Euristich,XML100_1115_16,100,5,6.0,20,16849.0,11643.0,44.71,20.0,0.002152
My-Euristich,XML100_1115_25,100,5,6.0,20,15413.0,10794.0,42.79,20.0,0.002107
My-Euristich,XML100_1115_01,100,5,6.0,20,16507.0,11095.0,48.78,20.0,0.002162
My-Euristich,XML100_3115_26,100,5,6.0,20,17381.0,12368.0,40.53,20.0,0.002226
My-Euristich,XML100_3115_11,100,5,6.0,20,16313.0,12691.0,28.54,20.0,0.002179
My-Euristich,XML100_1313_15,100,10,12.0,10,19065.0,11948.0,59.57,20.0,0.003314
My-Euristich,XML100_1313_09,100,10,12.0,10,30125.0,22097.0,36.33,20.0,0.003294
My-Euristich,XML100_1313_14,100,10,12.0,10,19523.0,13124.0,48.76,20.0,0.003109
My-Euristich,XML100_2213_09,100,10,12.0,10,20414.0,12089.0,68.86,20.0,0.003152
My-Euristich,XML100_2213_11,100,10,12.0,10,12131.0,9185.0,32.07,20.0,0.003123
My-Euristich,XML100_2213_12,100,10,12.0,10,14847.0,10187.0,45.74,20.0,0.003327
My-Euristich,XML100_2315_06,100,5,6.0,20,11385.0,7901.0,44.1,20.0,0.003303
My-Euristich,XML100_2313_05,100,10,12.0,10,21899.0,13143.0,66.62,20.0,0.003176
My-Euristich,XML100_2313_03,100,10,12.0,10,20689.0,12296.0,68.26,20.0,0.003203
My-Euristich,XML100_2315_23,100,5,6.0,20,14232.0,9468.0,50.32,20.0,0.002108
My-Euristich,XML100_2315_16,100,5,6.0,20,17394.0,8881.0,95.86,20.0,0.003063
My-Euristich,XML100_2313_20,100,10,12.0,10,18237.0,11683.0,56.1,20.0,0.003101
My-Euristich,XML100_2313_24,100,10,12.0,10,20254.0,12550.0,61.39,20.0,0.003038
My-Euristich,XML100_2313_26,100,10,12.0,10,19847.0,11771.0,68.61,20.0,0.003043
My-Euristich,XML100_2315_12,100,5,6.0,20,13622.0,8948.0,52.24,20.0,0.002282
My-Euristich,XML100_1213_26,100,10,12.0,10,17113.0,13052.0,31.11,20.0,0.003248
My-Euristich,XML100_2313_10,100,10,12.0,10,21566.0,12556.0,71.76,20.0,0.003099
My-Euristich,XML100_2313_18,100,10,12.0,10,19378.0,11449.0,69.25,20.0,0.003265
My-Euristich,XML100_2313_17,100,10,12.0,10,20644.0,12047.0,71.36,20.0,0.003088
My-Euristich,XML100_1213_23,100,10,12.0,10,12921.0,8213.0,57.32,20.0,0.003171
My-Euristich,XML100_2313_06,100,10,12.0,10,21433.0,12218.0,75.42,20.0,0.003151
My-Euristich,XML100_1213_20,100,10,12.0,10,18347.0,13814.0,32.81,20.0,0.003158
My-Euristich,XML100_1213_12,100,10,12.0,10,19711.0,14200.0,38.81,20.0,0.003235
My-Euristich,XML100_1213_05,100,10,12.0,10,12671.0,7841.0,61.6,20.0,0.003313
My-Euristich,XML100_2313_09,100,10,12.0,10,19389.0,11967.0,62.02,20.0,0.003311
My-Euristich,XML100_2313_13,100,10,12.0,10,17074.0,11223.0,52.13,20.0,0.003086
My-Euristich,XML100_2313_11,100,10,12.0,10,21353.0,12566.0,69.93,20.0,0.003229
My-Euristich,XML100_1213_02,100,10,12.0,10,21191.0,15693.0,35.03,20.0,0.003203
My-Euristich,XML100_1213_01,100,10,12.0,10,15400.0,11539.0,33.46,20.0,0.004098
My-Euristich,XML100_1213_06,100,10,12.0,10,16700.0,12899.0,29.47,20.0,0.00359
My-Euristich,XML100_3313_16,100,10,12.0,10,22612.0,15748.0,43.59,20.0,0.003414
My-Euristich,XML100_3313_02,100,10,12.0,10,24650.0,18204.0,35.41,20.0,0.003291
My-Euristich,XML100_3313_04,100,10,12.0,10,27734.0,21404.0,29.57,20.0,0.003152
My-Euristich,XML100_3313_10,100,10,12.0,10,28750.0,20161.0,42.6,20.0,0.003152
My-Euristich,XML100_1315_27,100,5,6.0,20,16090.0,11400.0,41.14,20.0,0.002242
My-Euristich,XML100_1315_24,100,5,6.0,20,15143.0,11136.0,35.98,20.0,0.002191
My-Euristich,XML100_3315_23,100,5,6.0,20,16091.0,12176.0,32.15,20.0,0.002192
My-Euristich,XML100_3315_15,100,5,6.0,20,19120.0,12815.0,49.2,20.0,0.002273
My-Euristich,XML100_3315_11,100,5,6.0,20,17325.0,12703.0,36.39,20.0,0.002322
My-Euristich,XML100_3315_09,100,5,6.0,20,17633.0,12442.0,41.72,20.0,0.002276
My-Euristich,XML100_3315_06,100,5,6.0,20,16435.0,11406.0,44.09,20.0,0.002267
My-Euristich,XML100_3315_05,100,5,6.0,20,17333.0,12119.0,43.02,20.0,0.002449
My-Euristich,XML100_3315_02,100,5,6.0,20,16672.0,11122.0,49.9,20.0,0.002297
My-Euristich,XML100_3312_24,100,17,20.0,6,36036.0,27607.0,30.53,17.65,0.009211
My-Euristich,XML100_3312_20,100,17,20.0,6,41387.0,30731.0,34.68,17.65,0.004505
My-Euristich,XML100_3312_19,100,17,20.0,6,40713.0,30950.0,31.54,17.65,0.004524
My-Euristich,XML100_3312_18,100,17,20.0,6,43081.0,33457.0,28.77,17.65,0.004598
My-Euristich,XML100_3312_16,100,17,20.0,6,38230.0,29632.0,29.02,17.65,0.004772
My-Euristich,XML100_3312_25,100,17,20.0,6,36591.0,27540.0,32.86,17.65,0.008015
My-Euristich,XML100_3312_22,100,17,20.0,6,43974.0,34117.0,28.89,17.65,0.004805
My-Euristich,XML100_1212_10,100,17,20.0,6,33446.0,25773.0,29.77,17.65,0.004989
My-Euristich,XML100_2312_21,100,17,20.0,6,29429.0,17925.0,64.18,17.65,0.004534
My-Euristich,XML100_2312_23,100,17,20.0,6,24703.0,15502.0,59.35,17.65,0.004485
My-Euristich,XML100_2312_24,100,17,20.0,6,27422.0,17074.0,60.61,17.65,0.004906
My-Euristich,XML100_2312_26,100,17,20.0,6,29123.0,17403.0,67.34,17.65,0.005464
My-Euristich,XML100_1212_25,100,17,20.0,6,29966.0,24486.0,22.38,17.65,0.00627
My-Euristich,XML100_3112_05,100,17,20.0,6,40143.0,30341.0,32.31,17.65,0.005123
My-Euristich,XML100_3112_11,100,17,20.0,6,40980.0,30401.0,34.8,17.65,0.004848
My-Euristich,XML100_3112_10,100,17,20.0,6,39044.0,29741.0,31.28,17.65,0.004576
My-Euristich,XML100_3112_08,100,17,20.0,6,38785.0,30243.0,28.24,17.65,0.004521
My-Euristich,XML100_3112_12,100,17,20.0,6,43508.0,31225.0,39.34,17.65,0.004513
My-Euristich,XML100_3112_18,100,17,20.0,6,39973.0,29962.0,33.41,17.65,0.00479
My-Euristich,XML100_1212_07,100,17,20.0,6,27063.0,20902.0,29.48,17.65,0.004534
My-Euristich,XML100_1212_11,100,17,20.0,6,32014.0,24894.0,28.6,17.65,0.004523
My-Euristich,XML100_1212_08,100,17,20.0,6,27073.0,20957.0,29.18,17.65,0.004772
My-Euristich,XML100_2312_18,100,17,20.0,6,30551.0,17881.0,70.86,17.65,0.004399
My-Euristich,XML100_2312_17,100,17,20.0,6,28962.0,18328.0,58.02,17.65,0.005301
My-Euristich,XML100_2312_14,100,17,20.0,6,28286.0,17564.0,61.05,17.65,0.004517
My-Euristich,XML100_1212_17,100,17,20.0,6,24785.0,18958.0,30.74,17.65,0.004534
My-Euristich,XML100_2212_23,100,17,20.0,6,20270.0,12937.0,56.68,17.65,0.004598
My-Euristich,XML100_3112_20,100,17,20.0,6,40058.0,30718.0,30.41,17.65,0.004748
My-Euristich,XML100_2212_24,100,17,20.0,6,22703.0,14718.0,54.25,17.65,0.005683
My-Euristich,XML100_3112_21,100,17,20.0,6,39410.0,30200.0,30.5,17.65,0.004535
My-Euristich,XML100_3112_23,100,17,20.0,6,39754.0,30262.0,31.37,17.65,0.004487
My-Euristich,XML100_1212_02,100,17,20.0,6,14104.0,10260.0,37.47,17.65,0.004679
My-Euristich,XML100_1212_20,100,17,20.0,6,20997.0,15773.0,33.12,17.65,0.004563
My-Euristich,XML100_2312_09,100,17,20.0,6,23123.0,14816.0,56.07,17.65,0.004344
My-Euristich,XML100_1212_19,100,17,20.0,6,30964.0,24627.0,25.73,17.65,0.004745
My-Euristich,XML100_3112_17,100,17,20.0,6,39053.0,28203.0,38.47,17.65,0.004807
My-Euristich,XML100_3112_14,100,17,20.0,6,41328.0,31433.0,31.48,17.65,0.004542
My-Euristich,XML100_1212_16,100,17,20.0,6,22541.0,16625.0,35.58,17.65,0.004533
My-Euristich,XML100_1112_22,100,17,20.0,6,33623.0,23315.0,44.21,17.65,0.004721
My-Euristich,XML100_1112_19,100,17,20.0,6,32717.0,22294.0,46.75,17.65,0.0044
My-Euristich,XML100_1112_20,100,17,20.0,6,28547.0,18654.0,53.03,17.65,0.004465
My-Euristich,XML100_1112_17,100,17,20.0,6,33216.0,24215.0,37.17,17.65,0.004374
My-Euristich,XML100_3312_14,100,17,20.0,6,36574.0,28714.0,27.37,17.65,0.005642
My-Euristich,XML100_3312_11,100,17,20.0,6,40398.0,31568.0,27.97,17.65,0.004927
My-Euristich,XML100_3312_10,100,17,20.0,6,41440.0,31496.0,31.57,17.65,0.004957
My-Euristich,XML100_1312_10,100,17,20.0,6,39934.0,29355.0,36.04,17.65,0.004614
My-Euristich,XML100_1312_12,100,17,20.0,6,31287.0,22777.0,37.36,17.65,0.00468
My-Euristich,XML100_1312_15,100,17,20.0,6,26876.0,21232.0,26.58,17.65,0.004592
My-Euristich,XML100_1312_18,100,17,20.0,6,31865.0,23547.0,35.33,17.65,0.004564
My-Euristich,XML100_1112_06,100,17,20.0,6,31931.0,22830.0,39.86,17.65,0.004512
My-Euristich,XML100_1112_07,100,17,20.0,6,31612.0,23362.0,35.31,17.65,0.004304
My-Euristich,XML100_1112_02,100,17,20.0,6,31295.0,22916.0,36.56,17.65,0.004416
My-Euristich,XML100_2112_24,100,17,20.0,6,27134.0,17169.0,58.04,17.65,0.004833
My-Euristich,XML100_3212_21,100,17,20.0,6,39668.0,30675.0,29.32,17.65,0.004583
My-Euristich,XML100_1312_25,100,17,20.0,6,27580.0,19750.0,39.65,17.65,0.004739
My-Euristich,XML100_3212_19,100,17,20.0,6,39926.0,32773.0,21.83,17.65,0.004606
My-Euristich,XML100_3212_22,100,17,20.0,6,35480.0,27761.0,27.81,17.65,0.00456
My-Euristich,XML100_3212_23,100,17,20.0,6,40078.0,29966.0,33.74,17.65,0.004617
My-Euristich,XML100_3212_24,100,17,20.0,6,31432.0,24924.0,26.11,17.65,0.004917
My-Euristich,XML100_3212_16,100,17,20.0,6,41235.0,33078.0,24.66,17.65,0.004631
My-Euristich,XML100_3212_12,100,17,20.0,6,41765.0,33020.0,26.48,17.65,0.004591
My-Euristich,XML100_2212_13,100,17,20.0,6,28466.0,17116.0,66.31,17.65,0.004579
My-Euristich,XML100_2212_14,100,17,20.0,6,24278.0,16859.0,44.01,17.65,0.004803
My-Euristich,XML100_3212_03,100,17,20.0,6,42459.0,33798.0,25.63,17.65,0.004769
My-Euristich,XML100_3212_01,100,17,20.0,6,45902.0,36582.0,25.48,17.65,0.004792
My-Euristich,XML100_3212_08,100,17,20.0,6,36627.0,30116.0,21.62,17.65,0.0046
My-Euristich,XML100_3212_17,100,17,20.0,6,25652.0,20256.0,26.64,17.65,0.00462
My-Euristich,XML100_1312_09,100,17,20.0,6,29552.0,22153.0,33.4,17.65,0.00469
My-Euristich,XML100_2212_03,100,17,20.0,6,25961.0,16523.0,57.12,17.65,0.004722
My-Euristich,XML100_2212_04,100,17,20.0,6,24902.0,15707.0,58.54,17.65,0.004611
My-Euristich,XML100_2212_12,100,17,20.0,6,20904.0,13820.0,51.26,17.65,0.004594
My-Euristich,XML100_2212_06,100,17,20.0,6,20841.0,13462.0,54.81,17.65,0.004671
My-Euristich,XML100_2212_10,100,17,20.0,6,21446.0,12332.0,73.91,17.65,0.004531
My-Euristich,XML100_2212_01,100,17,20.0,6,26632.0,16152.0,64.88,17.65,0.004751
My-Euristich,XML100_3112_26,100,17,20.0,6,40064.0,29581.0,35.44,17.65,0.004709
My-Euristich,XML100_2212_27,100,17,20.0,6,25277.0,17072.0,48.06,17.65,0.004659
My-Euristich,XML100_2212_26,100,17,20.0,6,28421.0,18694.0,52.03,17.65,0.004609
My-Euristich,XML100_3312_02,100,17,20.0,6,41727.0,30748.0,35.71,17.65,0.004777
My-Euristich,XML100_3312_06,100,17,20.0,6,35805.0,27480.0,30.29,17.65,0.004578
My-Euristich,XML100_3312_01,100,17,20.0,6,37320.0,26958.0,38.44,17.65,0.005365
My-Euristich,XML100_3312_07,100,17,20.0,6,43735.0,33392.0,30.97,17.65,0.004593
My-Euristich,XML100_1112_24,100,17,20.0,6,32653.0,23904.0,36.6,17.65,0.004645
My-Euristich,XML100_2112_07,100,17,20.0,6,30235.0,17884.0,69.06,17.65,0.005118
My-Euristich,XML100_2112_15,100,17,20.0,6,30712.0,17738.0,73.14,17.65,0.004652
My-Euristich,XML100_1112_18,100,17,20.0,6,33350.0,23599.0,41.32,17.65,0.004505
My-Euristich,XML100_1112_11,100,17,20.0,6,30862.0,22629.0,36.38,17.65,0.004336
My-Euristich,XML100_1112_12,100,17,20.0,6,27755.0,19645.0,41.28,17.65,0.004555
My-Euristich,XML100_2112_25,100,17,20.0,6,27889.0,15855.0,75.9,17.65,0.004636
My-Euristich,XML100_2112_22,100,17,20.0,6,31734.0,17978.0,76.52,17.65,0.00492
My-Euristich,XML100_2112_02,100,17,20.0,6,30069.0,18057.0,66.52,17.65,0.00461
My-Euristich,XML100_2112_01,100,17,20.0,6,30713.0,17730.0,73.23,17.65,0.004863
My-Euristich,XML100_2315_22,100,6,7.0,17,15850.0,9417.0,68.31,16.67,0.002263
My-Euristich,XML100_3215_04,100,6,7.0,17,18526.0,13569.0,36.53,16.67,0.002371
My-Euristich,XML100_3215_25,100,6,7.0,17,13791.0,10450.0,31.97,16.67,0.002392
My-Euristich,XML100_1315_03,100,6,7.0,17,16309.0,11555.0,41.14,16.67,0.002402
My-Euristich,XML100_1315_04,100,6,7.0,17,16497.0,11080.0,48.89,16.67,0.002335
My-Euristich,XML100_1315_07,100,6,7.0,17,14082.0,9366.0,50.35,16.67,0.002358
My-Euristich,XML100_2115_23,100,6,7.0,17,15677.0,9729.0,61.14,16.67,0.002354
My-Euristich,XML100_1115_11,100,6,7.0,17,15501.0,10444.0,48.42,16.67,0.002278
My-Euristich,XML100_3215_24,100,6,7.0,17,13874.0,10333.0,34.27,16.67,0.002353
My-Euristich,XML100_1215_15,100,6,7.0,17,8090.0,6082.0,33.02,16.67,0.002304
My-Euristich,XML100_1115_26,100,6,7.0,17,20294.0,13358.0,51.92,16.67,0.002347
My-Euristich,XML100_2215_25,100,6,7.0,17,11314.0,7713.0,46.69,16.67,0.002506
My-Euristich,XML100_2215_18,100,6,7.0,17,15282.0,8041.0,90.05,16.67,0.00245
My-Euristich,XML100_1215_24,100,6,7.0,17,11649.0,7961.0,46.33,16.67,0.002641
My-Euristich,XML100_1215_20,100,6,7.0,17,7504.0,5335.0,40.66,16.67,0.002321
My-Euristich,XML100_1215_13,100,6,7.0,17,13462.0,10281.0,30.94,16.67,0.002394
My-Euristich,XML100_1215_03,100,6,7.0,17,14918.0,9991.0,49.31,16.67,0.002322
My-Euristich,XML100_2215_08,100,6,7.0,17,12331.0,7553.0,63.26,16.67,0.002314
My-Euristich,XML100_2315_19,100,6,7.0,17,15299.0,9272.0,65.0,16.67,0.002367
My-Euristich,XML100_3315_26,100,6,7.0,17,16948.0,11621.0,45.84,16.67,0.002382
My-Euristich,XML100_3315_21,100,6,7.0,17,18780.0,14010.0,34.05,16.67,0.002426
My-Euristich,XML100_3315_12,100,6,7.0,17,19435.0,14977.0,29.77,16.67,0.002433
My-Euristich,XML100_1315_20,100,6,7.0,17,15714.0,10505.0,49.59,16.67,0.002335
My-Euristich,XML100_1215_14,100,6,7.0,17,12949.0,9999.0,29.5,16.67,0.00228
My-Euristich,XML100_1115_09,100,6,7.0,17,15774.0,11124.0,41.8,16.67,0.002327
My-Euristich,XML100_1315_08,100,6,7.0,17,16614.0,11484.0,44.67,16.67,0.002325
My-Euristich,XML100_1115_10,100,6,7.0,17,16831.0,11410.0,47.51,16.67,0.002679
My-Euristich,XML100_1115_12,100,6,7.0,17,17137.0,11821.0,44.97,16.67,0.002441
My-Euristich,XML100_1115_03,100,6,7.0,17,15943.0,11355.0,40.41,16.67,0.00222
My-Euristich,XML100_3115_07,100,6,7.0,17,19599.0,13523.0,44.93,16.67,0.00235
My-Euristich,XML100_3115_02,100,6,7.0,17,19530.0,14197.0,37.56,16.67,0.002465
My-Euristich,XML100_1115_07,100,6,7.0,17,17995.0,13076.0,37.62,16.67,0.002505
My-Euristich,XML100_2115_04,100,6,7.0,17,16603.0,10021.0,65.68,16.67,0.002506
My-Euristich,XML100_1113_04,100,13,15.0,8,26522.0,19276.0,37.59,15.38,0.003502
My-Euristich,XML100_3313_12,100,13,15.0,8,29166.0,21845.0,33.51,15.38,0.003742
My-Euristich,XML100_1213_21,100,13,15.0,8,20880.0,12651.0,65.05,15.38,0.003685
My-Euristich,XML100_1213_19,100,13,15.0,8,27349.0,19594.0,39.58,15.38,0.003772
My-Euristich,XML100_1213_11,100,13,15.0,8,18409.0,12122.0,51.86,15.38,0.003663
My-Euristich,XML100_1213_15,100,13,15.0,8,19031.0,14977.0,27.07,15.38,0.003924
My-Euristich,XML100_2313_14,100,13,15.0,8,20196.0,13261.0,52.3,15.38,0.004263
My-Euristich,XML100_2313_25,100,13,15.0,8,24734.0,14242.0,73.67,15.38,0.004306
My-Euristich,XML100_1113_08,100,13,15.0,8,27449.0,19200.0,42.96,15.38,0.003915
My-Euristich,XML100_2113_22,100,13,15.0,8,25270.0,14542.0,73.77,15.38,0.003634
My-Euristich,XML100_2113_14,100,13,15.0,8,24465.0,14543.0,68.23,15.38,0.00372
My-Euristich,XML100_2113_12,100,13,15.0,8,24126.0,14802.0,62.99,15.38,0.003701
My-Euristich,XML100_2113_11,100,13,15.0,8,23908.0,14606.0,63.69,15.38,0.003655
My-Euristich,XML100_2113_24,100,13,15.0,8,24940.0,13860.0,79.94,15.38,0.003631
My-Euristich,XML100_2213_22,100,13,15.0,8,17255.0,12538.0,37.62,15.38,0.003642
My-Euristich,XML100_2313_22,100,13,15.0,8,25999.0,14780.0,75.91,15.38,0.003589
My-Euristich,XML100_1213_09,100,13,15.0,8,18144.0,12767.0,42.12,15.38,0.003711
My-Euristich,XML100_2213_15,100,13,15.0,8,20925.0,13602.0,53.84,15.38,0.003728
My-Euristich,XML100_2213_16,100,13,15.0,8,21077.0,11845.0,77.94,15.38,0.004302
My-Euristich,XML100_3113_01,100,13,15.0,8,31048.0,24114.0,28.76,15.38,0.003771
My-Euristich,XML100_3113_04,100,13,15.0,8,33097.0,24998.0,32.4,15.38,0.003654
My-Euristich,XML100_3113_22,100,13,15.0,8,32448.0,24141.0,34.41,15.38,0.003848
My-Euristich,XML100_3113_13,100,13,15.0,8,34006.0,24429.0,39.2,15.38,0.003874
My-Euristich,XML100_3213_21,100,13,15.0,8,29236.0,24050.0,21.56,15.38,0.003722
My-Euristich,XML100_3213_24,100,13,15.0,8,28254.0,23041.0,22.62,15.38,0.00366
My-Euristich,XML100_1313_13,100,13,15.0,8,27868.0,21351.0,30.52,15.38,0.003698
My-Euristich,XML100_3213_08,100,13,15.0,8,27466.0,21865.0,25.62,15.38,0.003669
My-Euristich,XML100_3213_17,100,13,15.0,8,26370.0,20772.0,26.95,15.38,0.003695
My-Euristich,XML100_1313_08,100,13,15.0,8,22262.0,15696.0,41.83,15.38,0.003598
My-Euristich,XML100_1313_01,100,13,15.0,8,23111.0,16912.0,36.65,15.38,0.003642
My-Euristich,XML100_3313_21,100,13,15.0,8,34608.0,25891.0,33.67,15.38,0.003775
My-Euristich,XML100_1113_15,100,13,15.0,8,24339.0,16750.0,45.31,15.38,0.003684
My-Euristich,XML100_1113_24,100,13,15.0,8,27591.0,19248.0,43.34,15.38,0.003568
My-Euristich,XML100_1313_18,100,13,15.0,8,19280.0,12678.0,52.07,15.38,0.003818
My-Euristich,XML100_2213_21,100,13,15.0,8,16021.0,9970.0,60.69,15.38,0.003642
My-Euristich,XML100_1214_15,100,7,8.0,15,12904.0,9398.0,37.31,14.29,0.002544
My-Euristich,XML100_2214_24,100,7,8.0,15,13711.0,8773.0,56.29,14.29,0.002499
My-Euristich,XML100_2314_25,100,7,8.0,15,15757.0,10220.0,54.18,14.29,0.002515
My-Euristich,XML100_2214_08,100,7,8.0,15,15105.0,9309.0,62.26,14.29,0.002618
My-Euristich,XML100_2214_23,100,7,8.0,15,14751.0,10106.0,45.96,14.29,0.002529
My-Euristich,XML100_2314_26,100,7,8.0,15,15320.0,9699.0,57.95,14.29,0.002332
My-Euristich,XML100_2314_10,100,7,8.0,15,15668.0,10593.0,47.91,14.29,0.002658
My-Euristich,XML100_3314_10,100,7,8.0,15,19931.0,14179.0,40.57,14.29,0.002526
My-Euristich,XML100_3314_17,100,7,8.0,15,17958.0,13388.0,34.14,14.29,0.002567
My-Euristich,XML100_3314_21,100,7,8.0,15,18618.0,12406.0,50.07,14.29,0.002745
My-Euristich,XML100_3314_19,100,7,8.0,15,19153.0,15050.0,27.26,14.29,0.002538
My-Euristich,XML100_2314_04,100,7,8.0,15,16020.0,10059.0,59.26,14.29,0.003244
My-Euristich,XML100_2314_01,100,7,8.0,15,15175.0,9592.0,58.2,14.29,0.00246
My-Euristich,XML100_1114_23,100,7,8.0,15,17568.0,11793.0,48.97,14.29,0.002428
My-Euristich,XML100_2114_26,100,7,8.0,15,17238.0,10773.0,60.01,14.29,0.002467
My-Euristich,XML100_2114_25,100,7,8.0,15,18062.0,10429.0,73.19,14.29,0.002519
My-Euristich,XML100_2114_24,100,7,8.0,15,17797.0,10716.0,66.08,14.29,0.002534
My-Euristich,XML100_2114_22,100,7,8.0,15,16325.0,10600.0,54.01,14.29,0.002478
My-Euristich,XML100_3214_06,100,7,8.0,15,18282.0,13972.0,30.85,14.29,0.002541
My-Euristich,XML100_3214_12,100,7,8.0,15,18124.0,14058.0,28.92,14.29,0.002508
My-Euristich,XML100_3114_05,100,7,8.0,15,22158.0,15524.0,42.73,14.29,0.002647
My-Euristich,XML100_3114_08,100,7,8.0,15,20578.0,15010.0,37.1,14.29,0.002516
My-Euristich,XML100_1114_03,100,7,8.0,15,21349.0,15432.0,38.34,14.29,0.002429
My-Euristich,XML100_3114_24,100,7,8.0,15,23060.0,15354.0,50.19,14.29,0.002577
My-Euristich,XML100_1114_25,100,7,8.0,15,20911.0,15367.0,36.08,14.29,0.002426
My-Euristich,XML100_1114_27,100,7,8.0,15,16458.0,11757.0,39.98,14.29,0.002415
My-Euristich,XML100_1114_16,100,7,8.0,15,17983.0,12053.0,49.2,14.29,0.002511
My-Euristich,XML100_1114_15,100,7,8.0,15,15725.0,11091.0,41.78,14.29,0.002381
My-Euristich,XML100_1114_17,100,7,8.0,15,17079.0,13124.0,30.14,14.29,0.002519
My-Euristich,XML100_3214_22,100,7,8.0,15,21587.0,14749.0,46.36,14.29,0.002559
My-Euristich,XML100_1314_20,100,7,8.0,15,16973.0,12356.0,37.37,14.29,0.00263
My-Euristich,XML100_1314_24,100,7,8.0,15,17476.0,12771.0,36.84,14.29,0.002484
My-Euristich,XML100_1314_13,100,7,8.0,15,17415.0,11763.0,48.05,14.29,0.002488
My-Euristich,XML100_1314_16,100,7,8.0,15,16392.0,11671.0,40.45,14.29,0.002573
My-Euristich,XML100_1314_07,100,7,8.0,15,15223.0,10102.0,50.69,14.29,0.002661
My-Euristich,XML100_1314_05,100,7,8.0,15,17546.0,12258.0,43.14,14.29,0.002632
My-Euristich,XML100_3214_25,100,7,8.0,15,20367.0,15788.0,29.0,14.29,0.002516
My-Euristich,XML100_2114_07,100,7,8.0,15,15099.0,9695.0,55.74,14.29,0.002472
My-Euristich,XML100_1114_02,100,7,8.0,15,17896.0,12579.0,42.27,14.29,0.002487
My-Euristich,XML100_3214_17,100,7,8.0,15,18578.0,14354.0,29.43,14.29,0.002511
My-Euristich,XML100_3214_13,100,7,8.0,15,12363.0,9556.0,29.37,14.29,0.002506
My-Euristich,XML100_3214_14,100,7,8.0,15,22550.0,17236.0,30.83,14.29,0.002696
My-Euristich,XML100_3214_21,100,7,8.0,15,17951.0,12575.0,42.75,14.29,0.002464
My-Euristich,XML100_3214_19,100,7,8.0,15,20329.0,16348.0,24.35,14.29,0.002545
My-Euristich,XML100_2114_04,100,7,8.0,15,16412.0,10562.0,55.39,14.29,0.002504
My-Euristich,XML100_2114_06,100,7,8.0,15,17006.0,10332.0,64.6,14.29,0.002521
